Hotel,Free parking,Free Wi-Fi,Restaurant,Free breakfast,Pool,Air-Conditioned,Spa,Rating_Normalized,Price_Normalized,Is_5_star,Is_4_star,Is_3_star,Is_2_star,Is_1_star,Is_Guest_House,Is_Bed_Breakfast,Is_hotel,Is_hostel,Is_lodge
Daylin Guest House,1,1,0,1,0,1,0,0.9545454545,0.922851745,0,0,0,0,0,0,0,1,0,0
Washington Hotel | Bole Atlas | ዋሽንግተን ሆቴል | ቦሌ አትላስ,0,0,0,0,0,0,0,0.3636363636,0.8503332157,0,1,0,0,0,0,0,0,0,0
Hammer Luxury Guesthouse,1,1,0,1,0,0,1,0.9090909091,0.9120559719,0,0,0,0,0,0,1,0,0,0
Jano Hotel,1,0,0,1,1,0,1,0.9090909091,0.8905474703,0,0,0,0,0,0,0,1,0,0
Zola International HOTEL,1,0,0,1,1,0,1,0.4545454545,0.8360288164,0,1,0,0,0,0,0,0,0,0
GLAM HOTEL,1,1,1,0,0,0,0,0.8636363636,0.9308862914,0,0,1,0,0,0,0,0,0,0
Danakil Hotel | Piazza | ዳናኪል ሆቴል | ፒያሳ,0,0,0,0,0,0,0,0.8636363636,0.9515228268,0,0,0,0,0,0,0,1,0,0
Friendship International Hotel,1,1,0,1,0,0,0,0.4545454545,0.8675234081,0,1,0,0,0,0,0,0,0,0
Park Lane Addis Hotel,0,0,0,0,0,0,0,0.8181818182,0.9057238358,0,0,1,0,0,0,0,0,0,0
Brighton Guest House and Cafe,1,1,0,1,0,0,0,0.9090909091,0.9695642245,0,0,0,0,0,0,1,0,0,0
Averi Hotel,1,1,0,1,0,0,1,0.7727272727,0.9033363091,0,0,0,0,0,0,0,1,0,0
De Leopol Hotel - Bambis | ዲ ሊዮፖል ሆቴል - ባምቢስ,1,1,0,1,0,1,0,0.4545454545,0.8013785372,0,1,0,0,0,0,0,0,0,0
South Gate Plaza & Hotel apartment,1,1,0,1,0,0,0,0.8636363636,0.925301555,0,0,0,0,0,0,0,1,0,0
Sun view catering and Events,0,0,0,0,0,0,0,0.9090909091,0.9286440924,0,0,0,0,0,0,0,1,0,0
Hayes Hotel Addis Ababa,1,1,0,1,0,0,0,0.7272727273,0.8786305977,0,0,0,0,0,0,0,1,0,0
Mad Vervet Hostel - Addis,0,0,0,0,0,0,0,0.7272727273,0.9750451554,0,0,0,0,0,0,0,0,1,0
Daamat Hotel,1,1,0,1,0,0,0,0.7272727273,0.8829073847,0,1,0,0,0,0,0,0,0,0
DABI Hotel & Apartments | Lancha | ዳቢ ሆቴል እና አፓርትመንቶች | ላንቻ |,1,1,0,1,0,0,0,0.7727272727,0.8763883987,0,0,0,0,0,0,0,0,0,0
Checkinn Hotel,1,1,0,1,0,1,0,0.6818181818,0.9235368613,0,0,0,0,0,0,0,1,0,0
Marcen Addis Hotel 22 around Chichiniya,1,1,0,0,0,0,0,0.6818181818,0.914713393,0,0,0,0,0,0,0,1,0,0
Guzara Hotel Addis,0,1,0,1,0,0,0,0.6818181818,0.9181182137,0,0,1,0,0,0,0,0,0,0
Platinum Hotel,1,0,0,1,1,0,1,0.7272727273,0.9235368613,0,0,0,0,0,0,0,1,0,0
Holiday Guest House,0,1,0,1,0,0,0,0.7727272727,0.9542217701,0,0,0,0,0,1,0,0,0,0
SOCIAL HOUSE ADDIS ABABA | ሶሻል ሀውስ አዲስ አበባ,1,0,0,1,1,0,1,0.6818181818,0.9416405423,0,0,0,0,0,0,1,0,0,0
Shalla Guest House & Wellness Center | Bole Atlas | ሻላ እንግዳ ማረፍያ | ቦሌ አትላስ,1,1,0,1,0,0,1,0.6818181818,0.9663462537,0,0,0,0,0,1,0,0,0,0
Harmony Hotel,0,1,0,0,0,0,0,0.5,0.8591982062,0,1,0,0,0,0,0,0,0,0
Adey Ababa Stadium Hotel,0,0,0,0,0,0,0,0.7727272727,0.9593290012,0,0,0,0,0,0,0,1,0,0
Azzeman Hotel | Atlas | አዜማን ሆቴል | አትላስ |,1,0,0,1,1,0,1,0.5,0.809682978,0,1,0,0,0,0,0,0,0,0
Momona Hotel,0,0,0,0,0,0,0,0.5,0.8478418834,0,0,1,0,0,0,0,0,0,0
Base Ethiopia International Hotel,0,1,0,0,0,1,0,0.5454545455,0.8138351984,0,1,0,0,0,0,0,0,0,0
Triple-e Hotel and Spa,0,1,1,0,0,0,0,0.5454545455,0.8285340586,0,0,0,0,0,0,0,1,0,0
Addissinia Hotel,1,1,0,1,0,0,1,0.6363636364,0.8780285258,0,1,0,0,0,0,0,0,0,0
LA Hotel & Spa | 24 | ኤልኤ ሆቴል እና ስፓ | 24,0,1,0,1,0,0,0,0.5454545455,0.8661739365,0,0,0,0,0,0,0,1,0,0
Venetian Hotel,1,1,0,0,1,0,1,0.6363636364,0.9467892956,0,0,0,1,0,0,0,0,0,0
Nemudat Hotel,1,1,0,1,0,1,1,1,0.9608030394,0,0,0,0,0,0,0,1,0,0
Samantha guest house,1,1,0,0,0,0,0,0.6818181818,0.9866713725,0,0,0,0,0,0,0,1,0,0
FBK Guest House,0,0,0,0,0,0,0,1,0.9161666701,0,0,0,0,0,0,1,0,0,0
Chab Hotel & Spa,1,1,0,1,0,0,1,0.6818181818,0.942387942,0,0,0,0,0,0,0,1,0,0
Garden Hills Hotel | ጋርደን ሂልስ ሆቴል,1,1,0,0,1,0,1,0.7272727273,0.8771773206,0,0,0,0,0,0,0,1,0,0
Sidra International Hotel,1,1,0,1,0,0,1,0.5909090909,0.8356135944,0,1,0,0,0,0,0,0,0,0
Getfam Hotel,0,0,0,0,0,0,0,0.5909090909,0.8373367658,0,1,0,0,0,0,0,0,0,0
Swiss Inn Nexus Hotel | Gerji | ስዊስ ኢን ኔክሰስ ሆቴል | ገርጂ,0,1,0,1,0,0,1,0.5909090909,0.8301949467,0,1,0,0,0,0,0,0,0,0
Elilly Hotel,1,1,0,1,0,1,0,0.5909090909,0.778541325,1,0,0,0,0,0,0,0,0,0
Semien Hotel,1,0,0,1,1,0,1,0.5909090909,0.8852741504,0,1,0,0,0,0,0,0,0,0
Vibes Hotel and Spa,0,1,0,1,0,1,1,0.5909090909,0.869122013,0,1,0,0,0,0,0,0,0,0
Denver Boutique Hotel,1,1,0,1,0,0,1,0.5909090909,0.9014678099,0,0,1,0,0,0,0,0,0,0
The Residence Hotel & Apartments| Olympia | ዘ ሬዚደንስ ሆቴል አፓርትመንት | ኦሎምፒያ,0,1,0,0,0,0,0,0.5909090909,0.8749766438,0,0,0,0,0,0,0,1,0,0
Stayeasy Hotel | Haya Hulet | ስቴ ኢዚ ሆቴል | ሃያ ሁለት,1,0,0,1,1,0,1,0.5909090909,0.9014055266,0,0,1,0,0,0,0,0,0,0
Daisy Hotel Addis,0,0,0,0,0,0,0,0.5909090909,0.9325887018,0,0,0,0,0,0,0,1,0,0
Libanos Pension | Hayahulet | ሊባኖስ ሆቴል | ሃያሁለት,1,1,0,1,0,1,0,0.5454545455,0.9544293811,0,0,0,1,0,0,0,0,0,0
Beta Guest House/ቤታ የእንግዳ ማረፊያ,1,1,0,1,0,0,0,0.5454545455,0.9315506467,0,0,0,0,0,0,1,0,0,0
Kagnew Pension,0,0,0,0,0,0,0,0.5454545455,0.9809205473,0,0,0,0,1,0,0,0,0,0
Blue Birds International Hotel,0,1,0,0,0,1,0,0.6363636364,0.7702368842,0,0,1,0,0,0,0,0,0,0
Omna Addis Hotel | Meskel Flower,1,1,0,0,0,0,0,0.5,0.9041044699,0,0,0,0,0,0,0,1,0,0
Cheers Bed & Breakfast,0,0,0,0,0,0,0,0.5454545455,0.9464986401,0,0,1,0,0,0,0,0,0,0
Yeafoli Hotel,0,1,1,0,0,0,0,0.5454545455,0.9041044699,0,0,1,0,0,0,0,0,0,0
North Addis International Hotel | Chilot | ኖርዝ አዲስ ኢንተርናሽናል ሆቴል | ችሎት,0,0,0,0,0,0,0,0.5454545455,0.922644134,0,0,1,0,0,0,0,0,0,0
Mimi Guest House,1,1,0,1,0,0,0,0.4090909091,0.9505678161,0,0,0,0,0,1,0,0,0,0
Sapphire Addis Hotel,1,1,0,1,0,1,0,0.6363636364,0.8242157494,0,1,0,0,0,0,0,0,0,0
Bonanza Addis Hotel,1,1,0,0,1,1,1,0.5454545455,0.8926235805,0,1,0,0,0,0,0,0,0,0
Tolip Olympia Hotel,1,1,0,0,1,0,1,0.5454545455,0.8694126684,0,1,0,0,0,0,0,0,0,0
Inter Luxury Hotel,1,1,0,1,0,1,0,0.6363636364,0.705877468,0,1,0,0,0,0,0,0,0,0
Ivy Hotel Addis Ababa,0,0,0,0,0,0,0,0.5454545455,0.8993916997,0,1,0,0,0,0,0,0,0,0
Hotel Lobelia,1,1,0,1,0,1,0,0.5454545455,0.9399173708,0,1,0,0,0,0,0,0,0,0
Yomi Hotel,1,1,0,0,0,0,0,0.3181818182,0.9407893371,0,0,0,0,0,0,0,1,0,0
Alem Pension,0,0,0,0,0,0,0,0.5,1,0,0,0,0,0,0,0,0,0,1
Afropolitan Hotel Hayahulet | አፍሮፖሊታን ሆቴል ሃያሁለት,1,1,0,0,0,0,0,0.5,0.8882222268,0,0,1,0,0,0,0,0,0,0
"Debre Damo Hotel, Addis Ababa",0,0,0,0,0,0,0,0.4090909091,0.8938069633,0,0,0,0,0,0,0,1,0,0
ELMOS HOTEL | Meskel Flower | ኢልሞስ ሆቴል | መስቀል ፍላወር,1,1,0,1,0,0,1,0.5,0.9311561858,0,1,0,0,0,0,0,0,0,0
Oasis Hotel Apartment | haya hulet | ኦዌሲስ ሆቴል አፓርታማ |ሃያ ሁለት,1,0,0,1,1,0,1,0.5,0.9319243465,0,1,0,0,0,0,0,0,0,0
Fountain Hotel & SPA,1,1,0,1,0,0,0,0.4090909091,0.9515228268,0,0,0,0,0,0,0,1,0,0
NEW DAY HOTEL | Hayahulet | ኒው ዴይ ሆቴል | ሃያሁለት,1,1,0,0,1,0,0,0.5,0.9014678099,0,0,1,0,0,0,0,0,0,0
Capital Hotel and Spa,1,1,0,1,0,1,0,0.6363636364,0.8117590882,1,0,0,0,0,0,0,0,0,0
Ramada Addis Hotel,1,0,0,1,1,0,1,0.6363636364,0.6560508232,0,1,0,0,0,0,0,0,0,0
Kora Hotel Suites,1,1,0,0,0,0,0,0.8181818182,0.788921876,0,0,0,0,0,0,0,1,0,0
Ag Palace Hotel | Hayahulet | ኤጂ ፓላስ ሆቴል | ሃያሁለት,1,1,1,0,0,0,0,0.4545454545,0.927938215,0,0,1,0,0,0,0,0,0,0
Hyatt Regency Addis Ababa,1,1,0,1,0,0,1,0.7272727273,0.4131459298,1,0,0,0,0,0,0,0,0,0
Holiday Hotel | Hayahulet,0,0,0,0,0,0,0,0.4545454545,0.9235368613,0,0,1,0,0,0,0,0,0,0
Eliana Hotel | Piazza,1,1,0,1,0,0,1,0.4545454545,0.8775510204,0,1,0,0,0,0,0,0,0,0
Haile Grand Addis Ababa,1,1,0,1,0,1,0,0.7727272727,0.7224863496,1,0,0,0,0,0,0,0,0,0
"Sheraton Addis, a Luxury Collection Hotel, Addis Ababa",1,1,0,1,0,0,0,0.8181818182,0,1,0,0,0,0,0,0,0,0,0
Ghion Hotel | Stadium,1,0,0,1,1,0,1,0.4545454545,0.9014678099,0,1,0,0,0,0,0,0,0,0
Dreamliner Hotel,0,0,0,0,0,0,0,0.4545454545,0.8867481886,0,1,0,0,0,0,0,0,0,0
Daisy Hotel,1,1,0,1,0,0,0,0,0.9212946623,0,0,1,0,0,0,0,0,0,0
Trinity Hotel Addis Ababa,0,0,0,0,0,0,0,0.4090909091,0.8690804908,0,0,1,0,0,0,0,0,0,0
Caravan Hotel | Haya Hulet | ካራቫን ሆቴል | ሃያ ሁለት,1,1,0,1,0,0,0,0.4090909091,0.927938215,0,0,1,0,0,0,0,0,0,0
Aselefech Merga Hotel and Spa,0,0,0,0,0,0,0,0.3636363636,0.8730873835,0,0,0,0,0,0,0,1,0,0
Soramba Hotel and Wellness Center | Piazza | ሶራምባ ሆቴል | ፒያሳ,0,0,0,0,0,0,0,0.3636363636,0.9058484024,0,0,1,0,0,0,0,0,0,0
Ethiopian Skylight Hotel,1,1,0,1,0,0,0,0.8636363636,0.5273319908,0,1,0,0,0,0,0,0,0,0
Ambassador Hotel,1,1,0,1,0,0,0,0.3636363636,0.8828866236,0,1,0,0,0,0,0,0,0,0
Debre Damo Hotel | haya hulet | ደብረ ዳሞ ሆቴል | ሀያ ሁለት,1,1,0,0,0,1,0,0.3181818182,0.8947204518,0,1,0,0,0,0,0,0,0,0
Sowirad Hotel,0,1,0,1,0,0,0,0.2727272727,0.8907135591,0,0,0,0,0,0,0,1,0,0
Hera Addis Hotel | Lancha | ሄራ አዲስ ሆቴል | ላንቻ,1,0,0,1,1,0,1,0.1818181818,0.9286440924,0,0,1,0,0,0,0,0,0,0
Presidential Hotel | Atlas | ፕሬዝደንሻል ሆቴል | አትላስ,1,1,0,1,0,0,1,0.1363636364,0.8749974049,0,1,0,0,0,0,0,0,0,0